Class Imbalance,Class Overlap,Noise,Irrelevant Features,Outlier,dataset_id,Balanced_Acc_DT,Balanced_Acc_RF,Balanced_Acc_SVM,Balanced_Acc_NB,Balanced_Acc_MLP
0.0276592112002732,0.3947368421052631,0.0293023916987016,0.977868449424259,0.0892269736842105,0,0.7981283422459893,0.8275401069518716,0.5294117647058824,0.5655080213903744,0.6871657754010696
8.324315325070053e-05,0.5290322580645161,0.0032978600083581,0.8537313330644488,0.0578163771712158,1,0.5394736842105263,0.7407894736842104,0.5,0.475,0.6355263157894737
0.727526469830416,0.2090261282660332,0.0283662464104044,0.9681106040631104,0.1079770387965162,2,0.6601666035592578,0.6076296857251041,0.5,0.63801590306702,0.7332449829609996
0.9490371175007885,0.0629370629370629,0.1091271890738153,0.9927074185412516,0.0780226063244931,3,0.5417993630573248,0.625,0.5,0.678343949044586,0.6875
0.9067329233063528,0.0965200262639527,0.0351648774475422,0.9802448101330872,0.074914208550651,4,0.5648836457659987,0.5868616677440207,0.5588235294117647,0.7111344537815126,0.6162734324499031
0.7443896187119513,0.2036741214057508,0.0251161055124541,0.9726446814785974,0.0766321056121526,5,0.6633693045563549,0.6800559552358113,0.6075139888089529,0.7538968824940049,0.770083932853717
0.5716835217132659,0.205651491365777,0.0071509582808203,0.9324982795936682,0.0802034892331388,6,0.7758620689655172,0.8026819923371648,0.5842911877394636,0.764367816091954,0.8323754789272031
0.9022361047627102,0.0947368421052631,0.0507518659989547,0.984880396539714,0.0874503475670307,7,0.5404040404040404,0.4986225895316804,0.5,0.6101928374655647,0.5890725436179982
0.9456284789210408,0.0730136005726556,0.066337254880038,0.9832587124044,0.0510277124450352,8,0.5964483545128707,0.5540892798957315,0.5,0.7046269143043337,0.4985337243401759
0.8709937920339204,0.1441666666666666,0.0475528806143923,0.9795588396809148,0.0341666666666666,9,0.6105200945626478,0.5833333333333334,0.5,0.650709219858156,0.5
0.7268363866124585,0.2528823981552652,0.0219012299523104,0.96055078629111,0.0542439881409904,10,0.5835664335664336,0.5950174825174825,0.5,0.6132867132867132,0.5607517482517482
0.6156944463766248,0.248,0.0114995723786679,0.9295749066111672,0.0677402597402597,11,0.6302646861055077,0.6737575646433156,0.5,0.6562137049941927,0.5789473684210527
0.914373217045606,0.0804935370152761,0.0341750095517133,0.9700223878413664,0.0503609199261373,12,0.5408496732026143,0.5216503267973857,0.5,0.610702614379085,0.5277777777777778
0.5716835217132659,0.2127158555729984,0.0067336406705259,0.9017484144308212,0.0977901219659461,13,0.7011494252873564,0.7365900383141762,0.5909961685823755,0.6206896551724138,0.6762452107279693
0.6156944463766248,0.2516363636363636,0.0140873305953204,0.93072198487123,0.0835454545454545,14,0.7440552601014732,0.7790207225380524,0.5087719298245614,0.5949324530839293,0.5703588238889907
0.7070133814178609,0.3103448275862069,0.0322233465756013,0.9652606049591448,0.0796313554934244,15,0.5732758620689655,0.5,0.5,0.6530172413793103,0.4008620689655172
0.5063698707167017,0.4022020725388601,0.039802474657634,0.957347872279382,0.0944053787318036,16,0.5777591973244147,0.5956760630673674,0.5072709436724238,0.5623329029897023,0.5053928495186589
0.3924311879611296,0.4241119483315393,0.0216023984603029,0.9455424119612916,0.0825772720282946,17,0.6137249172024157,0.5953633352815118,0.5478277810247418,0.609146697837522,0.6427040716929671
0.5628402225279656,0.4129032258064516,0.0238558879099885,0.9618513933959628,0.0655086848635235,18,0.4933035714285714,0.484375,0.5,0.6674107142857143,0.3883928571428571
0.9621545531791648,0.0403587443946188,0.1258592863845309,0.9892484163598596,0.0830439327017094,19,0.5597098214285714,0.4986979166666667,0.5,0.4856770833333333,0.5
0.1580529975568501,0.5050505050505051,0.0037811108747947,0.8874052709110979,0.0714840714840714,20,0.6145833333333333,0.5729166666666666,0.5486111111111112,0.5173611111111112,0.4201388888888889
0.7804878048780488,0.22,0.020089647111404,0.9560272626347294,0.0554054054054054,21,0.6444444444444444,0.4777777777777778,0.5,0.788888888888889,0.3888888888888888
0.8250078705013609,0.151012891344383,0.0271736414183778,0.9559233481166032,0.0742621074112786,22,0.5349090909090909,0.5374545454545454,0.5,0.5549090909090909,0.4985454545454545
0.9539251881293892,0.0658578856152513,0.0588872890532442,0.9791766727679734,0.0789524359715,23,0.6561032863849765,0.5,0.5,0.454225352112676,0.5
0.7236452669859216,0.2327790973871734,0.0260669226141525,0.9524763436442192,0.0676638633883289,24,0.7286902286902287,0.5138253638253638,0.5,0.5050935550935551,0.5
0.6858712727846763,0.2381889763779527,0.0264419965457366,0.9534796341531268,0.0758672057884656,25,0.6354859752120026,0.5908675799086758,0.5,0.5417482061317678,0.5842139595564253
0.3490127032570586,0.4191881918819188,0.0152093791794728,0.9224661762763656,0.0894154204699941,26,0.6569926069353987,0.6661459250132019,0.5673516986446048,0.5633031156486534,0.6096637915859884
0.7233485828114186,0.2872727272727273,0.0272297082528994,0.9603554105794012,0.0856019656019656,27,0.7879098360655737,0.5,0.5,0.6383196721311475,0.4559426229508196
0.5724044657521874,0.3538842544316997,0.0387366011930166,0.9565560948164292,0.0935746561398282,28,0.6128658554272786,0.5909299399547485,0.5129282212682021,0.5803177757150316,0.4996809189534141
0.6447456789742244,0.2625298329355608,0.0104003246690457,0.9107032990957148,0.0987612228662348,29,0.5819643633202956,0.6095827900912647,0.5704910908300739,0.6485223815732291,0.7147979139504563
0.5779357849127875,0.35625,0.0159655390784686,0.9473424688864404,0.0612179487179487,30,0.6125541125541125,0.4696969696969697,0.5,0.525974025974026,0.5
0.98442776463574,0.0145943625697524,0.0892312153792882,0.9880613687669092,0.1121423891679406,31,0.7137090130169714,0.6782830779370572,0.5,0.592436974789916,0.5270637666831438
0.1651376146788991,0.5,0.0140633070676287,0.9480960498410332,0.0833333333333333,32,0.6041666666666666,0.6041666666666666,0.5555555555555556,0.6909722222222222,0.5
0.7691191247069331,0.2714285714285714,0.0262515440754775,0.9645402866255048,0.0566280566280566,33,0.7583333333333333,0.6895833333333333,0.5,0.8479166666666667,0.5
0.819672131147541,0.1547619047619047,0.0348974866528049,0.96472554265626,0.0710608567751424,34,0.6675925925925926,0.6898148148148148,0.5,0.712962962962963,0.3888888888888888
0.9779874258923388,0.0284757118927973,0.0919623165570249,0.9859469946671064,0.0687465103294249,35,0.4966216216216216,0.5,0.5,0.4695945945945945,0.5
0.7196504827983913,0.2491467576791808,0.0286158625127301,0.956390740955367,0.0697045168034929,36,0.5911458333333333,0.5431547619047619,0.5,0.482514880952381,0.671875
0.7107890874603284,0.2293744333635539,0.0249803243105715,0.9519437739913078,0.0773810982333194,37,0.726388888888889,0.6881944444444444,0.5,0.6222222222222222,0.5
0.938995119462264,0.050924902350947,0.0073005275076135,0.9308687531568264,0.1402985132519559,38,0.7184709990889766,0.7154448830853325,0.5487853021560887,0.6604448830853326,0.5
0.0957397066354888,0.4543934608954115,0.0244028966685671,0.968288904187598,0.0701648822172784,39,0.6540518171335045,0.6911059033590001,0.6162677156567348,0.5956157236915522,0.6186995499014247
0.3463922444429475,0.3625990491283676,0.0155725409820818,0.9535698251673852,0.0704765954157164,40,0.6623364485981308,0.6873161316537992,0.6072531491263714,0.607442096708655,0.5751442503047541
0.3369011680028059,0.3946188340807174,0.01759593031806,0.9568667914210351,0.071379887978724,41,0.6588072648656376,0.6616236063464838,0.5981961790666095,0.602628399263865,0.6987916085977701
0.0492417788379623,0.5420560747663551,0.0406736860466569,0.9787769694063996,0.1025116822429906,42,0.5983870967741935,0.5639784946236559,0.5,0.5048387096774194,0.5496415770609319
0.5111672592693292,0.2659974905897114,0.0141623959583725,0.9311823597808166,0.0876598053511478,43,0.7541800889707011,0.7588587206626783,0.6793986807792607,0.7002607761926676,0.729789845068262
0.7451936614377161,0.1948793906051629,0.0534321514870798,0.9789537796405888,0.1026595917835867,44,0.6350663592396806,0.6374985940839051,0.5284557417613317,0.6446617365875604,0.6799572601507142
0.630792299416752,0.2549423393739704,0.0262045502708569,0.954890699515514,0.0637355848434926,45,0.6583990297149788,0.6814230846977967,0.5,0.6220638770972307,0.6341419041843541
0.0828198248665861,0.4078431372549019,0.0023829810580089,0.8699195968705813,0.0920685391273626,46,0.775897435897436,0.8158974358974359,0.6815384615384615,0.6887179487179487,0.6974358974358974
0.8995353639648942,0.0907534246575342,0.0333634773246668,0.980554338754262,0.1187302423603793,47,0.5535714285714286,0.4928571428571429,0.5,0.6535714285714286,0.5642857142857143
0.6872885032537961,0.2967479674796748,0.0217824139489985,0.966376261540642,0.0779979674796748,48,0.712962962962963,0.6157407407407407,0.5625,0.6759259259259259,0.4513888888888889
0.491025915656991,0.4126907630522088,0.0423446278351625,0.9597208087307206,0.0958118187033849,49,0.5678347216454552,0.5667598993575493,0.5069093973666854,0.54194005422967,0.5490729657766813
0.5628402225279656,0.4129032258064516,0.0238558879099885,0.9618513933959628,0.0655086848635235,50,0.4933035714285714,0.484375,0.5,0.6674107142857143,0.3883928571428571
0.9523773215237334,0.0496855345911949,0.0995032718279386,0.986575649069144,0.0838298576630254,51,0.6085404170237074,0.664095972579263,0.5,0.4820051413881748,0.4665809768637532
0.1651376146788991,0.52,0.0062354365274707,0.911459197379789,0.0728205128205128,52,0.5659722222222222,0.5243055555555556,0.5798611111111112,0.5798611111111112,0.5
0.7591533876657341,0.2524752475247525,0.0156734153447894,0.946905192083406,0.0656944072785657,53,0.5239130434782608,0.4456521739130434,0.5,0.6804347826086956,0.4695652173913043
0.8114159311875527,0.1542553191489361,0.0278549476696094,0.95681863517388,0.0802664366494153,54,0.560077519379845,0.4961240310077519,0.5,0.5261627906976744,0.5184108527131783
0.9554252509865964,0.0570469798657718,0.0647883330805566,0.980843798210029,0.0797912005965697,55,0.4828767123287671,0.4965753424657534,0.5,0.6358447488584474,0.5
0.7217832110558395,0.2369337979094076,0.030182332397673,0.957830787932192,0.0741752205166839,56,0.6137566137566137,0.5714285714285714,0.5,0.5211640211640212,0.5132275132275133
0.6878204262311741,0.239067055393586,0.0274072833129464,0.9549796848696334,0.0796102224673653,57,0.7823190262652147,0.700832799487508,0.5120435618193465,0.5784112748238309,0.6814221652786675
0.3353430408909367,0.408625730994152,0.0182017911088598,0.9325776362845852,0.0918359495229301,58,0.6322310518670426,0.6698923352986415,0.5624198923352987,0.5796804238229514,0.48231222763394
0.6323851203501094,0.29,0.0065831877674599,0.9197155368716704,0.0745,59,0.7023809523809523,0.7261904761904762,0.5,0.6547619047619048,0.6369047619047619
0.4635781773849436,0.4436619718309859,0.0400974880363747,0.9778306439448315,0.0739436619718309,60,0.5178571428571428,0.5625,0.5,0.5625,0.5892857142857143
0.7538461538461538,0.1965811965811965,0.0210097174042853,0.9564766859826872,0.0715811965811965,61,0.6194968553459119,0.5644654088050315,0.5,0.729559748427673,0.6477987421383647
0.3727012329278923,0.3535714285714286,0.0062280995300259,0.8992506173790396,0.0814285714285714,62,0.6239878542510121,0.7413967611336032,0.7580971659919028,0.715080971659919,0.6887651821862348
0.4692792319161589,0.3120805369127516,0.0099401316954704,0.9141925599986144,0.0587248322147651,63,0.6865203761755485,0.6927899686520376,0.6127220480668757,0.6734587251828631,0.6364942528735632
0.84366373902133,0.1458333333333333,0.0187131272069139,0.9602449511079352,0.045617816091954,64,0.4347826086956521,0.5,0.5,0.7065217391304348,0.7282608695652174
0.5598963524018338,0.2705882352941176,0.0014818918624623,0.8501711688718141,0.0908722109533468,65,0.5972222222222222,0.5694444444444444,0.5972222222222222,0.5694444444444444,0.5
0.6577181208053692,0.3625,0.0221164452176315,0.9653414363449208,0.0568965517241379,66,0.75,0.6388888888888888,0.6666666666666666,0.8055555555555556,0.75
0.7379912663755459,0.2941176470588235,0.0192809375483123,0.963076277495408,0.0994652406417112,67,0.5047619047619047,0.7,0.5,0.5452380952380953,0.6
0.9234839712112106,0.0959409594095941,0.0585213932444236,0.9832526766185392,0.0551660516605166,68,0.4846153846153846,0.4923076923076923,0.5,0.6282051282051282,0.4846153846153846
0.153247118797792,0.5370370370370371,0.0637581795467851,0.9835138991359148,0.0613168724279835,69,0.5447453635560789,0.6217250515160435,0.4926405652045923,0.5287017957020901,0.5478363261701501
0.6159958064709117,0.3543758967001434,0.0369898180911109,0.9718473233555004,0.0610473457675753,70,0.5971894189891356,0.5655408597071327,0.5,0.4727208313651393,0.4968115257439773
0.5441932268969965,0.3652849740932642,0.0473532551722065,0.9764674165322724,0.0632124352331606,71,0.5608658743633277,0.5695246179966044,0.5166383701188455,0.5633276740237692,0.5695246179966044
0.7070133814178609,0.2720306513409962,0.0234562837798132,0.9544001664938678,0.0801491146318732,72,0.5991379310344828,0.4827586206896552,0.5,0.5107758620689655,0.4353448275862069
0.0365111561866124,0.6022727272727273,0.005289791454939,0.9165358903329552,0.0585227272727272,73,0.5576923076923077,0.5692307692307692,0.5153846153846154,0.5153846153846154,0.5807692307692307
0.8555107109593294,0.171875,0.034161353300482,0.9748922831952708,0.0606770833333333,74,0.4456521739130434,0.5,0.5,0.6014492753623188,0.4456521739130434
0.7471479571598572,0.199288256227758,0.0142182442253526,0.9450133634101272,0.0722419928825622,75,0.5069444444444444,0.5466269841269842,0.5625,0.7103174603174602,0.5615079365079365
0.2033271013773895,0.3732718894009216,0.0048556762935911,0.8842304615040801,0.0670506912442396,76,0.7672672672672673,0.7657657657657657,0.557057057057057,0.6816816816816818,0.6261261261261262
0.4105083297736011,0.360655737704918,0.0096466219692011,0.9232358970320372,0.064139344262295,77,0.7042553191489361,0.7801418439716312,0.5120567375886526,0.6375886524822695,0.7921985815602837
0.3922987164527421,0.3132530120481928,0.0061629367956333,0.8980855649835625,0.0799196787148594,78,0.6336436170212766,0.706781914893617,0.6243351063829787,0.675531914893617,0.6349734042553192
0.7084355112909777,0.2389078498293515,0.0096424008113882,0.9213690843161872,0.0767918088737201,79,0.5875,0.584375,0.5,0.6375,0.5953125
0.9531507350698468,0.0356234096692111,0.067970693356789,0.9837049582440496,0.0791348600508905,80,0.5,0.5,0.5,0.4871134020618556,0.5
0.5194509957513473,0.2829736211031175,0.0013612871640333,0.8027905488457607,0.0847322142286171,81,0.6169222343921139,0.6396495071193866,0.6076122672508214,0.6637458926615554,0.6577217962760131
0.4,0.3611111111111111,0.0034576801107501,0.8986589064356916,0.0625,82,0.6821428571428572,0.8285714285714285,0.5178571428571428,0.8285714285714285,0.6357142857142857
0.1757049891540129,0.4597701149425287,0.0015436231888755,0.8701074489348841,0.0735632183908046,83,0.7904761904761906,0.7523809523809524,0.7904761904761906,0.7904761904761906,0.8238095238095238
0.829081410535481,0.2317073170731707,0.0312579184656861,0.97267950511251,0.0771341463414634,84,0.587719298245614,0.5,0.5,0.6578947368421053,0.4868421052631579
0.0081846456048453,0.532051282051282,0.0093686884536484,0.9304755138379364,0.0625,85,0.6706349206349207,0.6904761904761905,0.6428571428571428,0.6785714285714286,0.6666666666666666
0.0545892024662889,0.5939086294416244,0.0351500449779014,0.9748390424203184,0.0578680203045685,86,0.6305418719211823,0.4917898193760263,0.5,0.7241379310344828,0.5763546798029556
0.0705195076152722,0.5,0.0186484247875271,0.9517877971223232,0.0720588235294117,87,0.6865401987353207,0.7845528455284553,0.5,0.6887985546522132,0.7357723577235773
0.06631299734748,0.5396825396825397,0.0092506309965364,0.9317109378774406,0.0743386243386243,88,0.5998185117967332,0.7994555353901995,0.6941923774954628,0.6107078039927405,0.720508166969147
0.7334191109949539,0.247011952191235,0.0261932745073253,0.9649076702842242,0.0750996015936255,89,0.625,0.5625,0.5,0.7053571428571428,0.7053571428571428
0.1509433962264151,0.3344155844155844,0.0052800787770682,0.8929986986367487,0.0693181818181818,90,0.8388888888888889,0.8774074074074074,0.5,0.5474074074074073,0.8118518518518518
0.1350704162114432,0.405099150141643,0.0026524871069007,0.8436675216771036,0.0728045325779036,91,0.7316337719298245,0.8253837719298245,0.7297149122807017,0.6304824561403508,0.7209429824561404
0.6622212063398446,0.265024363833243,0.0707532973687958,0.9792930466813484,0.0597793719545208,92,0.6397063939935844,0.6318626359480354,0.5277671470221901,0.5884526220082155,0.6464017405059621
0.7670065408996919,0.2151431209602954,0.1024753706483379,0.985951563437892,0.0895388626364673,93,0.6633608414773233,0.642505580094979,0.5085305733228979,0.576541760501224,0.5058084965379921
0.7447783971985977,0.24857038569169,0.0994979660871535,0.9860380907921552,0.0787626231901691,94,0.5587466572245879,0.5541203492326758,0.5118872354897923,0.5329676857278631,0.5444321241881831
0.7891320560658224,0.20906223114425,0.0870051390447533,0.9848045407902432,0.0945368511614568,95,0.5725163161711385,0.5735436306502296,0.5172226250906454,0.6203770848440899,0.5982596084118926
0.6513419778795335,0.3037287140340575,0.0769908272273381,0.9838825180363484,0.0813784497944803,96,0.5707916045173663,0.5620232260813979,0.509269124227573,0.5565310036224164,0.584711272107394
0.7795862262185139,0.2178030303030303,0.0468417430215415,0.9776836883014196,0.0485795454545454,97,0.5685197155785391,0.5643180349062702,0.5,0.5976082740788624,0.5
0.6577181208053692,0.2428571428571428,0.0169623553047392,0.9602491193465894,0.06,98,0.7,0.8166666666666667,0.5,0.6666666666666666,0.8
0.7709431290804688,0.184,0.0106851223592002,0.9448994634353788,0.092,99,0.5804597701149425,0.6149425287356322,0.4827586206896552,0.4080459770114942,0.632183908045977
0.3463182897862232,0.4124293785310734,0.0114629003161226,0.943543918203096,0.0567796610169491,100,0.6174242424242424,0.6060606060606061,0.5530303030303031,0.5643939393939394,0.6931818181818182
0.1895066562255285,0.3970588235294117,0.0088751056221756,0.9316487969122914,0.0732843137254902,101,0.7226890756302521,0.6789915966386555,0.6487394957983192,0.6781512605042017,0.5462184873949579
0.8032246579522914,0.1924198250728863,0.020306050728054,0.9570780691159904,0.0884839650145772,102,0.7380042462845011,0.5968152866242038,0.5,0.6585987261146498,0.5539278131634819
0.4,0.2307692307692307,0.0097294034032439,0.934216194938922,0.0913461538461538,103,0.7333333333333334,0.7,0.5,0.7,0.6833333333333333
0.1875038740469845,0.4035087719298245,0.0119123159523647,0.9436987615002984,0.0681286549707602,104,0.5073891625615763,0.6822660098522167,0.7352216748768473,0.7229064039408868,0.666256157635468
0.1883148498782797,0.4426229508196721,0.0107612596126929,0.9382340964155078,0.0658469945355191,105,0.6166666666666667,0.5729166666666667,0.5,0.54375,0.5104166666666667
0.6520391859395427,0.259515570934256,0.0203223107576733,0.949005192370876,0.0649653979238754,106,0.6103104212860311,0.6241685144124168,0.5,0.6476348854397636,0.5413895048041389
0.0027911033580461,0.5638629283489096,0.0493553401209745,0.9765544995052484,0.0645638629283489,107,0.6401760889712698,0.708758109360519,0.56209453197405,0.5695088044485634,0.5061013283904849
0.0099252824735391,0.4322033898305085,0.0121673795600881,0.9270255669645768,0.0716807909604519,108,0.7317715019255455,0.7586649550706033,0.6718870346598202,0.7034659820282414,0.7681001283697048
0.974934300481958,0.0288858321870701,0.0615856343028365,0.980963153870742,0.0740027510316368,109,0.4972222222222222,0.5,0.5,0.45,0.5
0.6274674878702616,0.3181818181818182,0.041150857187181,0.9776163059893472,0.1009943181818181,110,0.6515444015444015,0.6293436293436294,0.5,0.6158301158301158,0.528957528957529
0.6528363180294837,0.2430939226519337,0.0119263886876958,0.9402469462911413,0.1056629834254143,111,0.7337662337662337,0.7012987012987013,0.5292207792207793,0.7077922077922078,0.6233766233766234
0.3809970536931443,0.3106382978723404,0.0032221484669359,0.8755146260488197,0.0990425531914893,112,0.8715909090909091,0.8829545454545455,0.5,0.7018939393939394,0.8276515151515151
0.0058717795086877,0.4573643410852713,0.0117944705329832,0.9449239931705226,0.0996124031007752,113,0.8492647058823529,0.875,0.5,0.6268382352941176,0.6911764705882353
0.7972495643573683,0.1725663716814159,0.0164680089518084,0.9694893420763488,0.0954666889297044,114,0.5807692307692308,0.6,0.5,0.4826923076923076,0.5903846153846154
0.7292882147024504,0.1401515151515151,0.0102711793365795,0.956505355899436,0.1016295025728988,115,0.8411016949152542,0.8040254237288136,0.5,0.8019067796610169,0.7245762711864407
0.9572061545364468,0.0479041916167664,0.0446787078346087,0.9867991054653116,0.0997627386735962,116,0.5,0.5,0.5,0.3475609756097561,0.5
0.9769483080755657,0.0227920227920227,0.0326309648469035,0.9819195719899576,0.1026716121055743,117,0.4942528735632184,0.5,0.5,1.0,0.5
0.9332593422056624,0.0409482758620689,0.0143874818558792,0.9672831030582226,0.0954172088484059,118,0.8660714285714286,0.625,0.5,0.9642857142857144,0.75
0.7511053315994799,0.2448979591836734,0.006085354596258,0.9502199797934904,0.0728862973760933,119,0.4545454545454545,0.6666666666666666,0.5,0.5227272727272727,0.8106060606060606
0.6192911098198721,0.2752293577981651,0.0006715015242735,0.9003813025179569,0.1166448230668414,120,0.625,0.6875,0.5,0.7291666666666667,0.75
0.9002493765586035,0.119047619047619,0.0127002665062236,0.9610367494799844,0.0941043083900226,121,0.4677419354838709,0.5,0.5,1.0,1.0
0.9370703004026014,0.0839694656488549,0.0102394076265049,0.9544131856748336,0.0926935659760087,122,1.0,0.5,0.5,0.96875,0.5
0.9042206755635016,0.0687022900763358,0.0079133381064223,0.9481468332945868,0.0916030534351145,123,0.9516129032258064,1.0,0.5,0.935483870967742,0.717741935483871
0.6613064219094706,0.2615658362989324,0.0319709429861551,0.9671480807533448,0.0937530056747138,124,0.8397589161187488,0.8305937437736601,0.6323968918111178,0.8125622633990834,0.6941621837019327
0.9803143406682848,0.0239457512184784,0.4237544709407904,0.9975675267205156,0.1171141213099255,125,0.5348173515981735,0.5,0.5,0.5226883561643836,0.4995719178082192
0.9799711924167332,0.0240274599542334,0.1842636094395316,0.9927283848402422,0.0462909992372234,126,0.4953846153846153,0.5,0.5,0.6251282051282051,0.5394871794871795
0.4323529080612049,0.3085339168490153,0.0158808784862501,0.9515013848443,0.1080457835381249,127,0.7241798941798943,0.7492063492063492,0.5462962962962963,0.6187830687830688,0.6409523809523809
0.3599645464281757,0.3328767123287671,0.0133083019156607,0.9363451428032132,0.0593321917808219,128,0.7501522997258605,0.7660676210782821,0.5129454766981419,0.5692202254035943,0.6959335973195249
0.7945642540620383,0.2227722772277227,0.0208132115495559,0.9531067881724448,0.079269801980198,129,0.6170329670329671,0.489010989010989,0.5,0.5615384615384615,0.5
0.5468145132164324,0.3642840726269823,0.0370578488760703,0.9550747347465192,0.09382626872859,130,0.6137514914849767,0.6015999566113461,0.5101963336587482,0.5561557652673825,0.5
0.6468443565394559,0.2605341246290801,0.0109908606407981,0.91386776716815,0.0998728274692666,131,0.6460892049127344,0.6251454427925016,0.5748114630467571,0.6349062702003878,0.5
0.7973065182258934,0.1857923497267759,0.0092863632840653,0.9253545536013896,0.0923497267759562,132,0.5073627844712182,0.5,0.4879518072289157,0.5629183400267738,0.5
0.0007996801279489,0.49,0.0024510253425701,0.9636894665096548,0.026,133,0.8012820512820513,0.8814102564102564,0.6923076923076923,0.6730769230769231,0.7275641025641025
0.9856352183632784,0.0143951399894347,0.0906322314396567,0.9886878729723404,0.1032041123166321,134,0.7126899696048632,0.6425911854103343,0.5,0.591451367781155,0.5
0.2287567567567567,0.5234375,0.0120255101756326,0.9366091568830032,0.07578125,135,0.5454545454545454,0.6136363636363636,0.6818181818181818,0.6590909090909091,0.5
0.8328342751649144,0.170807453416149,0.0244176760447574,0.9622871718830586,0.0593167701863354,136,0.5866666666666667,0.5566666666666666,0.5,0.7733333333333333,0.5
0.8527487304030925,0.1288135593220339,0.0495603343289574,0.9758926051277392,0.0703389830508474,137,0.6140096618357488,0.6285024154589371,0.5,0.6685990338164252,0.5806763285024155
0.9919156946358748,0.0114068441064638,0.2195634229344714,0.9952259268802668,0.0936982777902035,138,0.4986522911051212,0.5,0.5,0.6851752021563342,0.4995507637017071
0.7747673430212316,0.1944,0.0348365700980344,0.9654609654668914,0.06814,139,0.6635898576512456,0.5290814056939501,0.5,0.4709185943060498,0.5
0.7278889159196811,0.2024013722126929,0.0227498303095471,0.9521627188211556,0.0753216123499142,140,0.7840711805555556,0.6627604166666666,0.498046875,0.5876736111111112,0.5
0.9381171015271552,0.0650276403840558,0.0080003936681014,0.935734983161459,0.1380098177450519,141,0.7488857512991077,0.7248569889812375,0.5479439891704633,0.6465873859186911,0.5
0.6846677380414578,0.2449664429530201,0.0345615857306455,0.9678152043932664,0.077551544833424,142,0.7096071891791736,0.6608300907911803,0.4961089494163424,0.7028441726885307,0.6114971280340931
0.6323851203501094,0.34,0.0099563566960447,0.9437481192486236,0.0814117647058823,143,0.6785714285714286,0.75,0.5,0.6547619047619048,0.75
0.4635781773849436,0.4084507042253521,0.028171210901204,0.9710992368715892,0.0710024855012427,144,0.5089285714285714,0.5625,0.5,0.4553571428571428,0.6696428571428572
0.7538461538461538,0.2264957264957265,0.0116256809658717,0.936287543359962,0.0809451985922574,145,0.6383647798742138,0.5833333333333334,0.5,0.4056603773584906,0.5550314465408805
0.3727012329278923,0.3892857142857143,0.0074780477609274,0.9153938794281008,0.0852941176470588,146,0.722165991902834,0.8299595141700404,0.8203441295546559,0.7413967611336032,0.6912955465587045
0.4692792319161589,0.3204697986577181,0.0100327669372998,0.9208231072977012,0.089242005527043,147,0.6648380355276907,0.6971003134796239,0.70141065830721,0.7578369905956113,0.7296238244514106
0.9234839712112106,0.092250922509225,0.0488631086444501,0.9817756096888868,0.0569568048621662,148,0.6435897435897436,0.5,0.5,0.5743589743589743,0.5
0.1330428224252073,0.5254237288135594,0.0539161905393832,0.9822545037091988,0.0707876370887338,149,0.6390697674418604,0.6493023255813953,0.5564341085271318,0.5812403100775194,0.6956589147286821
0.600138875111596,0.3154761904761904,0.0348801836983815,0.9724434661902566,0.0672443977591036,150,0.5873152709359606,0.609975369458128,0.5172413793103449,0.656896551724138,0.6919950738916256
0.5231063448643152,0.3724696356275304,0.0477190912599464,0.9781434979051375,0.0709692783996189,151,0.6591394025604552,0.6241109530583215,0.5229374110953058,0.620732574679943,0.640647226173542
0.8555107109593294,0.1510416666666666,0.0301983417674439,0.9736297830601588,0.0778799019607843,152,0.4891304347826087,0.5,0.5,0.8115942028985508,0.5
0.7471479571598572,0.2277580071174377,0.0138858607884472,0.9457140677837456,0.0889679715302491,153,0.5069444444444444,0.6170634920634921,0.5625,0.7728174603174602,0.7341269841269842
0.2033271013773895,0.3686635944700461,0.0072984960798131,0.9147629083711905,0.0834372458660883,154,0.6696696696696697,0.8611111111111112,0.6118618618618619,0.725975975975976,0.8213213213213213
0.4105083297736011,0.3360655737704918,0.008547025415326,0.9226148637129205,0.0943105110896817,155,0.6042553191489362,0.724113475177305,0.5680851063829787,0.5560283687943263,0.6907801418439716
0.3922987164527421,0.3534136546184739,0.0068115631655496,0.9119172444281768,0.0919442475785494,156,0.7061170212765957,0.7805851063829787,0.6449468085106382,0.6655585106382979,0.7898936170212766
0.7084355112909777,0.2286689419795221,0.0087094082574985,0.9227582852511214,0.0917486448504316,157,0.6875,0.6421875,0.534375,0.6265625,0.5921875
0.9531507350698468,0.0432569974554707,0.0480153862953496,0.9788336919425454,0.09010627151624,158,0.7396907216494846,0.75,0.5,0.4793814432989691,0.75
0.4,0.4259259259259259,0.002052128595768,0.8872794407870257,0.0871459694989106,159,0.5178571428571428,0.8535714285714285,0.7857142857142857,0.8071428571428572,0.8321428571428571
0.1757049891540129,0.2873563218390804,0.0,0.8409583034393132,0.0862745098039215,160,0.5428571428571429,0.680952380952381,0.6095238095238096,0.6476190476190476,0.6857142857142857
0.829081410535481,0.1585365853658536,0.0352213568799146,0.9772092313674452,0.0804878048780487,161,0.5,0.5,0.5,0.7763157894736843,0.5
0.0067203185928814,0.535483870967742,0.0128853271418108,0.948943855922256,0.0797722960151802,162,0.5952380952380952,0.8253968253968254,0.7301587301587302,0.753968253968254,0.7142857142857142
0.0584251490953199,0.5357142857142857,0.0212700368398114,0.9649706440316452,0.081032412965186,163,0.7126436781609196,0.7060755336617406,0.645320197044335,0.6592775041050903,0.645320197044335
0.0736786885245901,0.4760147601476014,0.011410277074756,0.9373715914635724,0.08521814629911,164,0.6011743450767841,0.7050587172538392,0.6138211382113821,0.6210478771454382,0.6616982836495031
0.06631299734748,0.4761904761904761,0.0062977409204933,0.91067394769337,0.0748210395269218,165,0.7132486388384756,0.7386569872958257,0.6333938294010889,0.5862068965517242,0.6506352087114338
0.7334191109949539,0.2270916334661354,0.0379510958610664,0.9743397384200404,0.0775251933442699,166,0.5178571428571429,0.5714285714285714,0.5,0.7767857142857143,0.6607142857142857
0.1509433962264151,0.2987012987012987,0.0036251076021552,0.8727812384763093,0.0703972498090145,167,0.8018518518518518,0.845925925925926,0.5185185185185185,0.7203703703703703,0.7077777777777778
0.1350704162114432,0.3626062322946176,0.0028131481727517,0.8500298900541767,0.0725212464589235,168,0.6672149122807017,0.7198464912280702,0.7305372807017544,0.685032894736842,0.6359649122807017
0.7709431290804688,0.208,0.0111402480260435,0.9492951550962804,0.0803764705882353,169,0.4827586206896552,0.4827586206896552,0.5,0.7126436781609196,0.5
0.3463182897862232,0.4180790960451977,0.0185534777620051,0.9613951216503556,0.077700232635427,170,0.6401515151515151,0.7462121212121212,0.6060606060606061,0.6439393939393939,0.8712121212121212
0.1895066562255285,0.4117647058823529,0.0102216932886526,0.939931163980036,0.0831026528258362,171,0.7092436974789916,0.8260504201680672,0.6789915966386555,0.6352941176470588,0.6647058823529413
0.4,0.2564102564102564,0.0140835857685086,0.9504643885530384,0.0948717948717948,172,0.8166666666666667,0.9,0.5,0.75,0.8666666666666667
0.1957797477837433,0.4588235294117647,0.0118527871367004,0.9449698825790316,0.08719723183391,173,0.7488095238095238,0.7642857142857142,0.5,0.5738095238095238,0.6928571428571428
0.1843893882920412,0.4340659340659341,0.0119150351646727,0.9449770083901148,0.0777634130575307,174,0.73125,0.8270833333333334,0.5458333333333334,0.6708333333333334,0.6520833333333333
0.6520391859395427,0.2837370242214533,0.0183457997209739,0.9480853362143112,0.0947486260940362,175,0.6395048041389505,0.63470066518847,0.5665188470066519,0.5883222468588323,0.5835181079083518
0.0027911033580461,0.4439252336448598,0.0318947518959763,0.9675031048586714,0.0936778449697636,176,0.650679641643497,0.7528575841828853,0.6434970651838121,0.6007877664504171,0.719416126042632
0.0099252824735391,0.3912429378531073,0.0117651757656898,0.9287049187265212,0.0928215353938185,177,0.7755455712451862,0.7946726572528884,0.7677792041078306,0.6990372272143774,0.7813863928112965
0.974934300481958,0.0123796423658872,0.0768513539200848,0.985257741379959,0.0939558216684197,178,0.75,0.75,0.75,0.9805555555555556,0.75
0.6274674878702616,0.2528409090909091,0.0217212226804033,0.959293524744919,0.0947526737967914,179,0.6177606177606177,0.7075289575289575,0.5,0.609073359073359,0.5801158301158301
0.6528363180294837,0.2403314917127071,0.0152306505223687,0.9460081474128732,0.0889177770555736,180,0.6753246753246753,0.6948051948051948,0.5227272727272727,0.6688311688311688,0.6396103896103896
0.3362274191289734,0.2591743119266055,0.0075975415250638,0.9148901105761832,0.0913653534808418,181,0.8979166666666667,0.925,0.5333333333333333,0.7416666666666667,0.875
0.288609340576176,0.4858934169278996,0.0278036284355735,0.9642029472784148,0.0905473836508319,182,0.5595238095238095,0.5982142857142857,0.5416666666666666,0.5863095238095238,0.5863095238095238
0.6443805083911096,0.1738553417385534,0.0095619646582219,0.920565981517649,0.0728170498458175,183,1.0,0.9984276729559748,0.5,0.77486408698433,0.7834186120882636
0.8318997261959293,0.1357868020304568,0.0199242543834729,0.9559169779217732,0.0779150492684383,184,1.0,1.0,0.5,0.8522616191237892,0.8534612992090997
0.7631965837525784,0.1446078431372549,0.0153518901647315,0.946068901860126,0.0707270040369088,185,1.0,1.0,0.5,0.6682067932067932,0.8994755244755245
0.7593675402168325,0.161648177496038,0.0150583646432182,0.9443904190925592,0.0759687393182312,186,1.0,1.0,0.5180459351075465,0.9333758658403208,0.9291378053226396
0.8721717646995013,0.0829678362573099,0.0255654983097874,0.9628345432933068,0.0723039215686274,187,1.0,1.0,0.5,0.5015552099533437,0.7322383643743124
0.9073038101977728,0.0939947780678851,0.0223318148207631,0.9626373729322968,0.1115083350070295,188,0.5978260869565217,0.4891304347826087,0.5,0.6521739130434783,0.4782608695652174
0.7790362484962662,0.1585365853658536,0.0097133527147756,0.9377677515658458,0.0699314024390243,189,0.6808333333333334,0.6875,0.5,0.7166666666666667,0.6116666666666667
0.9401733896969264,0.0726744186046511,0.0485744030514356,0.9861192657579964,0.0886079420798595,190,0.8152610441767068,0.5,0.5,0.5622489959839357,1.0
0.9708516749664328,0.0258620689655172,0.0820640818349929,0.9915621198987437,0.0883485144220342,191,1.0,0.5,0.5,0.2816091954022988,0.5
0.9073038101977728,0.0992167101827676,0.0264710007080839,0.9764326511705193,0.0875905217005763,192,0.7282608695652174,0.7445652173913043,0.5,0.5217391304347826,0.7445652173913043
0.9742310834235468,0.0305343511450381,0.0524332191559645,0.986960786600944,0.0891545441451822,193,0.4897959183673469,0.5,0.5,0.3928571428571428,0.5
0.9704498034839149,0.0364077669902912,0.0477039904995945,0.9856755359489676,0.0885922330097087,194,0.4951456310679611,0.5,0.5,0.8980582524271845,0.9854368932038836
0.8449155084491551,0.1447368421052631,0.0134287587896101,0.9666823482686074,0.0827067669172932,195,0.6244131455399061,0.5692488262910799,0.5,0.7828638497652582,0.5
0.9009533366783744,0.0777027027027027,0.0202930678733945,0.9751284056801452,0.0868725868725868,196,0.7357142857142858,0.7357142857142858,0.5,0.7142857142857143,0.7142857142857143
0.7790362484962662,0.1829268292682926,0.0076153978586641,0.949977897708578,0.0831881533101045,197,0.6116666666666667,0.6808333333333334,0.5,0.6633333333333333,0.5625
0.8940490218036985,0.1097922848664688,0.0159471823561501,0.9677955608044136,0.0983467571004663,198,0.8503086419753086,0.6003086419753086,0.5,0.7067901234567902,0.6188271604938271
0.9540472732074476,0.0561797752808988,0.0301262332053147,0.9796471150587058,0.1356340288924558,199,0.4942528735632184,0.5,0.5,0.6494252873563219,0.4885057471264368
0.560197600564573,0.2706270627062706,0.0139233951107282,0.9408692054209836,0.0906256066783148,200,1.0,0.9979674796747968,0.5,0.6422764227642276,0.923727000427899
0.9401869910111104,0.0481756436581898,0.0489972226964112,0.9785830229354292,0.084925251098702,201,1.0,1.0,0.5,0.7380979321659924,0.9084891516505896
0.9555262027043376,0.0262860373092142,0.0745779588413042,0.9855041095391116,0.1001666777508063,202,1.0,1.0,0.4997113163972286,0.5956150480126413,0.7236842105263158
0.9426154971784648,0.0444171348314606,0.0483695427297784,0.9783151075725842,0.0831801470588235,203,1.0,1.0,0.5,0.6283236994219653,0.8867774566473989
0.9126470171832478,0.0978260869565217,0.0443512083012243,0.9811048128627512,0.116638795986622,204,0.5941558441558441,0.6055194805194805,0.5,0.711038961038961,0.6655844155844156
0.8220932204987089,0.1735241502683363,0.0314434398791724,0.9700836713554926,0.0525491949910554,205,0.6169837914023961,0.5454545454545454,0.5,0.6962649753347427,0.6286116983791402
0.9874376815894174,0.0174781523096129,0.1258691725962308,0.994843834179528,0.0927025180788165,206,0.4975,0.5,0.5,0.75,0.5
0.9126470171832478,0.0947204968944099,0.0366120204436916,0.9835588386327588,0.0905455291222313,207,0.512987012987013,0.5324675324675325,0.5,0.711038961038961,0.6217532467532467
0.9894462041839256,0.0157480314960629,0.1540858094875422,0.9946618001068794,0.046119235095613,208,1.0,0.5,0.5,0.8210526315789474,0.5
0.8220932204987089,0.1806797853309481,0.0183364714767624,0.9644387975821738,0.0477894198824431,209,0.5105708245243129,0.4922480620155038,0.5,0.4689922480620155,0.4961240310077519
0.192255057124124,0.2936305732484076,0.0079643181851239,0.9019081036956512,0.0960940427126264,210,1.0,1.0,0.5151079763148729,0.5151079763148729,0.7743817485196796
0.2680720846278607,0.3140589569160997,0.0112024592126658,0.9172720275329684,0.0874349739895958,211,1.0,1.0,0.5021079666602054,0.5058393099437876,0.7243409575499127
0.6793118619211461,0.1890018484288355,0.0164695687191096,0.942374577045144,0.1001005762748722,212,1.0,1.0,0.5119094267801164,0.5151701746529332,0.6688871473354232
0.4090263531639576,0.1725352112676056,0.0085616063930406,0.9137084845113748,0.0929838288993218,213,1.0,1.0,0.5566627358490566,0.971875,0.8868514150943396
0.0289592760180995,0.2062289562289562,0.0006515307167555,0.7927554930632457,0.1166567637155872,214,0.8455578037340201,0.9128345442840062,0.7792467580244642,0.612710383518808,0.8590085532971581
0.997306402192244,0.0053799596503026,0.4917693740916179,0.9984295361847918,0.0805027217012853,215,1.0,0.5,0.5,0.5,0.5
0.791304738076088,0.1785582934902537,0.072319597885312,0.9884719467636796,0.0907537454807885,216,0.63223889931207,0.6220450281425891,0.507285803627267,0.5937460913070669,0.5863977485928705
0.8760793529578202,0.1031989878908368,0.0592686273858511,0.98611910415506,0.0927999754474866,217,0.6914575102091091,0.6284784400670816,0.5181347886643358,0.633315331192026,0.5575073666657192
0.9815891928336868,0.0237521514629948,0.3491783097898658,0.9974847008105208,0.0930747247751112,218,0.7266025641025642,0.5,0.5,0.6277777777777778,0.5384615384615384
0.91353938252445,0.0840777719390436,0.0851122962604977,0.991384694807761,0.0846330025084523,219,0.6835526315789473,0.5239035087719298,0.5,0.743421052631579,0.5390350877192983
0.7992939294916727,0.1504460665044606,0.0513548361028045,0.9857828536539724,0.0864473825154172,220,0.6626253132832081,0.6289003759398496,0.5,0.6330670426065163,0.6663533834586466
0.913539763362678,0.0823568798125209,0.0946969102904009,0.9917107541470654,0.0796659739373764,221,0.6676428185258605,0.5806451612903226,0.5,0.77270679401694,0.5792485132456299
0.9496176484081243,0.0538901987201077,0.1019902233815431,0.9921168116124688,0.0774830481008153,222,0.6028352490421456,0.5,0.5,0.7898850574712644,0.5
0.919060751700362,0.0763430725730443,0.1363223339791662,0.9939726655232952,0.0780176527424584,223,0.6403752899009066,0.532258064516129,0.5,0.7020872865275143,0.6366645582964369
0.7812687320005927,0.1805431214562817,0.0601012269057688,0.9868788222561876,0.0765949899494941,224,0.7038139312215751,0.6433176414266337,0.5301204819277109,0.6710205058645177,0.6534429107157105
0.7812406554175694,0.1751054852320675,0.0539691533667494,0.9852463186770736,0.0786611336677016,225,0.6670399402762225,0.6702687569988801,0.5195222097797686,0.6082120194102276,0.6988988428518104
0.7451936614377161,0.1927634363097757,0.0508956166194494,0.9840538706818596,0.0838396984964747,226,0.7031548757170172,0.6475719829040603,0.5118378135192891,0.6662636373861208,0.5841159599595096
0.72,0.2578347578347578,0.0310765492449664,0.9635317195357386,0.067053317053317,227,0.5988303227716908,0.585190257625111,0.5,0.6476162274207877,0.5859490672194255
0.822605086346027,0.1675862068965517,0.0334566802625932,0.96477251423305,0.0642857142857142,228,0.5632882882882884,0.5644144144144144,0.5,0.6313813813813813,0.546996996996997
0.968594135379556,0.0541237113402061,0.0775301700000667,0.9945456291291896,0.0541237113402061,229,0.4842105263157895,0.5,0.5,0.4947368421052631,0.5
0.8947610961314411,0.1196443007275667,0.0379375029323663,0.9848202434262346,0.0371867421180274,230,0.602891156462585,0.5278486394557823,0.5,0.5733418367346939,0.5
0.7940731550283074,0.2070063694267516,0.017350331177076,0.9684879773036122,0.0498635122838944,231,0.5873823261463711,0.5926586699058609,0.5,0.5198147585788035,0.5
0.9548131866095644,0.0536842105263157,0.0745034004565077,0.99062680000404,0.07,232,0.4914163090128755,0.5,0.5,0.7688841201716738,0.5
0.8740665197223411,0.1405405405405405,0.0297202570875109,0.9778458414766272,0.0691119691119691,233,0.6191222570532915,0.5397074190177639,0.5,0.5420585161964472,0.6400208986415883
0.8697514551085808,0.1441281138790035,0.0320839258527583,0.97882334589439,0.110574478901881,234,0.5029966703662597,0.4943396226415094,0.5,0.6025527192008879,0.4924528301886792
0.7026344040274293,0.2479892761394102,0.0173354890952721,0.9572594254004856,0.0540980467253925,235,0.5869073783359497,0.5810675039246468,0.5,0.5997802197802198,0.5081004709576138
0.4705884800045853,0.3672347443650357,0.0424297912370574,0.9766215896980402,0.0669912824943061,236,0.7172204508586452,0.6704844213234883,0.5,0.6047155563013928,0.4971331878950606
0.630792299416752,0.3134266886326194,0.0202271080813753,0.9518728038173924,0.0747823017180513,237,0.6267434808975136,0.6335455831817263,0.5,0.6384778653729533,0.6004042854255104
0.080383459722421,0.4092664092664093,0.0023175918505929,0.8791624172442762,0.0930705141231457,238,0.6858974358974359,0.7243589743589743,0.7051282051282051,0.6282051282051282,0.7435897435897436
0.928175064495442,0.0545454545454545,0.0238040176070573,0.964452187872076,0.1120563928050559,239,1.0,0.8965986394557823,0.5,0.7591836734693878,0.7829931972789115
0.8149453648219951,0.125,0.0166874381924953,0.9507519122907058,0.0969781205164992,240,1.0,0.8214285714285714,0.5,0.4642857142857143,0.7790917691579944
0.8128145507401963,0.1145685997171145,0.0175087786977808,0.9537135809982312,0.0955362342956984,241,1.0,0.8666666666666667,0.5,0.5,0.8722222222222222
0.7531575624543679,0.1927445950897764,0.0349047627692342,0.973131593920772,0.1091129464159878,242,0.7277269574265153,0.6521178357756005,0.5263157894736842,0.6882315962889101,0.7400719673979017
0.6764789730338014,0.239057239057239,0.0292313090579011,0.9599644130686787,0.0680415263748597,243,0.744146048323594,0.6853578681254922,0.5,0.5983671101164574,0.622073024161797
0.8907161149430013,0.1007194244604316,0.0398730848156012,0.984376592117824,0.0936609203203475,244,0.5160984848484849,0.5295664983164983,0.5,0.6403619528619529,0.5295664983164983
0.8771469250312363,0.0997766195085629,0.0315271021002349,0.9800749021400448,0.0944660644291153,245,0.6142287896397144,0.5694836460235763,0.5263157894736842,0.5568653494936079,0.5463224306823842
0.9401122734710547,0.0660042583392477,0.0440966946562645,0.9852326346286902,0.0941521485865795,246,0.5883381924198251,0.5,0.5,0.5868804664723032,0.5854227405247814
0.92560465688284,0.0752762430939226,0.0575013987140764,0.9883757375129284,0.0949325028666736,247,0.5170329670329671,0.4985714285714285,0.5,0.603956043956044,0.5769230769230769
0.8282518555090104,0.1483971044467425,0.0452155810691763,0.984060008048948,0.0836032467659167,248,0.6547675241916451,0.5876209582251593,0.5,0.6726457399103138,0.4988789237668161
0.7531575624543679,0.1799193843898864,0.0336926727574787,0.9797597651781228,0.0870143877431086,249,0.6627503685077603,0.6529415590045955,0.5246683430156941,0.6166110292204977,0.7121304083933061
0.838398352836607,0.1220881279820376,0.0315819012386645,0.9778842952775992,0.0813603122236402,250,0.6473699463845819,0.651255252861904,0.5360998406028112,0.6872916968555282,0.5828774815244168
0.9396732186260008,0.0518056343354131,0.0832273678093461,0.9904957215152226,0.0788500162316234,251,0.6561526479750779,0.6130481667864845,0.5,0.7283429187634796,0.6320692547328062
0.8672566371681416,0.1452702702702702,0.0255142576630923,0.972050350438107,0.0533301158301158,252,0.5947242206235012,0.5555555555555556,0.5,0.6970423661071143,0.6558752997601919
0.8655647269508656,0.1355421686746988,0.0168695393503205,0.9618586748858162,0.1071428571428571,253,0.6398826979472141,0.6202346041055719,0.5422287390029326,0.6689149560117302,0.6299120234604105
0.9273687685704852,0.0745614035087719,0.0189350361948753,0.9606427482782616,0.0728905597326649,254,0.7227272727272727,0.5,0.5,0.7257575757575758,0.7287878787878788
0.8825827430559503,0.1269614835948644,0.0476105977224871,0.9800166338755334,0.0593030364785001,255,0.6228915662650603,0.596987951807229,0.5,0.613855421686747,0.5439759036144578
0.8081959616903963,0.1884816753926701,0.0363966696808662,0.9721297367017544,0.0700929586494283,256,0.5475409836065573,0.5117486338797814,0.5,0.6336065573770492,0.603551912568306
0.6764789730338014,0.27665544332211,0.0240160244954218,0.9577165094148528,0.0849767516434183,257,0.6915122881180322,0.686766960918397,0.5,0.7054581623772225,0.6087073645820382
0.749655342247779,0.2220183486238532,0.0300902650214242,0.9638438001913568,0.0845347313237221,258,0.5929018083488254,0.5972790265337163,0.5,0.6269224269055265,0.5696467804630725
0.8348524426916748,0.1185782556750298,0.0710605081373542,0.9826333865292988,0.0628946919269499,259,0.6558053040103493,0.6244037031047865,0.5,0.5059225420439845,0.5104503557567917
0.5153113067952526,0.2857142857142857,0.0099977156988495,0.9182451941692676,0.0818285992082783,260,1.0,1.0,0.5,0.6531385281385281,0.774891774891775
0.4535700061693205,0.2599250936329588,0.0218466455599653,0.9515771141735268,0.0920356906807666,261,1.0,0.9805194805194806,0.5,0.5,0.682475112436202
0.3666065301159645,0.3183367416496251,0.0150940810483077,0.934538209701356,0.0875736797786599,262,1.0,1.0,0.5051546391752577,0.4977472317678503,0.723348606338297
0.7493242754932428,0.1554487179487179,0.0119328985352605,0.9315984986991512,0.0998421003016591,263,1.0,1.0,0.5142857142857142,0.5195461578133058,0.7657039711191336
0.8277392869824789,0.085955847815876,0.0490035038391256,0.9763112283510916,0.0877932196833641,264,1.0,0.9883720930232558,0.5,0.4914333175130517,0.5605837683910774
0.5303287487728119,0.1846289752650176,0.0063949157079176,0.8998921283383151,0.1055523799625857,265,1.0,1.0,0.524113146301878,0.5701367957338279,0.8157508308215473
0.5111672592693292,0.328732747804266,0.0137978432718586,0.935015192609202,0.0557353232516674,266,0.7242675256941249,0.6550084368768216,0.6152784169351128,0.6762540266912103,0.6668967633072557
0.7325861402622112,0.1506849315068493,0.004694957830041,0.8874547148329538,0.1059125705076551,267,1.0,0.9705882352941176,0.5,0.5588235294117647,0.7671945701357465
0.5704708027490766,0.227621483375959,0.0048897299910042,0.8887372043813462,0.1044644200391154,268,1.0,0.996875,0.5138888888888888,0.5138888888888888,0.6232638888888888
0.8434531559581093,0.118362831858407,0.010753583931239,0.9296394304868896,0.1083582769390942,269,1.0,0.96875,0.5,0.5,0.794431279620853
0.885715508233043,0.085979860573199,0.0191014292200317,0.9520818120499072,0.0947282088668155,270,1.0,0.9705882352941176,0.5,0.5506535947712418,0.5833333333333334
0.9758586492339452,0.025844930417495,0.0502925378834707,0.990073103822427,0.0909824074421396,271,0.476,0.5,0.5,0.372,0.496
0.9689395338668396,0.034416826003824,0.04773017734759,0.9895632269823346,0.0908221797323135,272,0.4806201550387597,0.5,0.4961240310077519,0.6744186046511628,0.5
0.9290834702940868,0.0704761904761904,0.0431207635097777,0.9883984687059244,0.088733153638814,273,0.6171875,0.625,0.5,0.6171875,0.48046875
0.8995353639648942,0.0924657534246575,0.0308927264671056,0.9844108953975372,0.0902203411734298,274,0.6214285714285714,0.5607142857142857,0.5,0.55,0.5607142857142857
0.970809140787301,0.0345323741007194,0.0997824435537092,0.99462740322072,0.0925071263743722,275,0.4970760233918128,0.5,0.5,0.6578947368421053,0.5
0.9378379445080316,0.0732758620689655,0.0199366826109473,0.9808110456086214,0.0548029556650246,276,0.4642857142857143,0.5,0.5,0.4642857142857143,0.5
0.910891876839844,0.0811965811965812,0.0169654988839421,0.9763479778619476,0.0671550671550671,277,0.5,0.5,0.5,0.6398809523809523,0.5
0.8254248463321777,0.1872340425531914,0.0122639103752644,0.9688038519334322,0.0601823708206686,278,0.7444444444444445,0.6814814814814815,0.5,0.7981481481481482,0.5722222222222222
0.6872885032537961,0.2886178861788618,0.0114007580741743,0.9604327029750572,0.1132404181184669,279,0.5601851851851851,0.625,0.5,0.7569444444444444,0.6064814814814814
0.8958661733955284,0.1259541984732824,0.0306227827459597,0.980156259967382,0.1014176663031624,280,0.4841269841269841,0.5,0.5,0.4603174603174603,0.5
0.4159377888456866,0.1723602484472049,0.0087211631139317,0.9171492024531986,0.0888518450858604,281,1.0,0.9871794871794872,0.5,0.5861706599411517,0.8523539302227827
0.7963937393169555,0.1735074626865671,0.0289501300806119,0.9671268007486812,0.0908464434583837,282,0.6083916083916083,0.5769230769230769,0.5384615384615384,0.6125238397965671,0.6373172282263191
0.5313093631120382,0.2504570383912248,0.0186849395360584,0.9466205151320656,0.0845789869878481,283,1.0,1.0,0.5,0.5,0.7564549605645496
0.7420082100305923,0.1412535079513564,0.0282633579971243,0.9615544993586508,0.0781241402080008,284,1.0,1.0,0.5,0.5280386552334286,0.7550700966380836
0.9204229519162328,0.071301247771836,0.0768185197325242,0.9839201573057887,0.0802794379783999,285,1.0,1.0,0.5,0.499075785582255,0.5695801425930815
0.7984952800056782,0.1775362318840579,0.0166290299565643,0.9554635663036872,0.0948703279938977,286,0.5451770451770452,0.5305250305250305,0.5,0.4722222222222222,0.5106837606837606
0.7292882147024504,0.1893939393939394,0.009697634860793,0.9394450889775836,0.1205128205128205,287,0.7076271186440678,0.4830508474576271,0.5,0.5148305084745763,0.5995762711864407
0.6192911098198721,0.2018348623853211,0.0005126823650295,0.8679377950327236,0.0946100917431192,288,0.7083333333333333,0.8333333333333333,0.5,0.9583333333333331,0.9375
0.5617977528089888,0.3166666666666666,0.0103857203735467,0.943530390704942,0.1098717948717948,289,0.6581632653061225,0.6360544217687075,0.5731292517006803,0.8035714285714286,0.7091836734693877
0.500148765248438,0.380281690140845,0.0074868592791142,0.9242357740548371,0.0718896713615023,290,0.6666666666666667,0.6726190476190477,0.5416666666666666,0.5714285714285714,0.5952380952380952
0.292980317017941,0.3642857142857142,0.0069190515594959,0.9498138680814348,0.092654986522911,291,0.57,0.74,0.6,0.5800000000000001,0.69
0.7053211009174312,0.25,0.0190293967479608,0.974693022550431,0.0847371967654986,292,0.5698198198198199,0.5833333333333334,0.5,0.722972972972973,0.4729729729729729
0.5617977528089888,0.3416666666666667,0.0085285845742498,0.9525992120940358,0.0829795597484276,293,0.6267006802721089,0.6360544217687075,0.5314625850340136,0.4906462585034014,0.5425170068027211
0.7000887686519847,0.2701612903225806,0.0144718066753245,0.9677156684585376,0.0796561168594035,294,0.7037037037037037,0.6666666666666666,0.5555555555555556,0.8055555555555556,0.5277777777777778
0.3127746135069161,0.4583333333333333,0.004599567438891,0.9209293649720938,0.050595238095238,295,0.6038461538461539,0.5923076923076923,0.5,0.473076923076923,0.6038461538461539
0.6965185218205323,0.2573099415204678,0.0249044668990744,0.971567603354662,0.0726817042606516,296,0.5990990990990991,0.5,0.5,0.5292792792792793,0.5
0.500148765248438,0.3661971830985915,0.0065142862354308,0.9237369471455892,0.0865191146881287,297,0.5773809523809523,0.5178571428571428,0.5,0.5892857142857143,0.5952380952380952
0.6682080924855491,0.3083333333333333,0.0121856506435445,0.9427610416411276,0.0583333333333333,298,0.7297008547008548,0.6837606837606838,0.5,0.8408119658119658,0.5726495726495726
0.990679296984601,0.0086149768058316,0.131953356593993,0.992426577892232,0.1240556660039761,299,0.7460106382978724,0.75,0.5,0.7353723404255319,0.4986702127659574
0.9692380501656412,0.0363636363636363,0.0502581108316417,0.9829783287495532,0.0744318181818181,300,0.5,1.0,0.5,0.9207317073170732,0.4939024390243902
0.990679296984601,0.0106030483764082,0.1427272510716978,0.9949076712878008,0.0947835002563236,301,0.7473404255319149,0.75,0.5,0.4906914893617021,0.5
0.9926245625036596,0.0067360685854255,0.2393632105322737,0.99685677149985,0.095529699938763,302,0.5,0.5,0.5,0.3995098039215686,0.5
0.9930354878206932,0.0086755349913244,0.2878748546189972,0.9973479062287256,0.0953763217914161,303,0.4953703703703703,0.5,0.5,0.3958333333333333,0.4988425925925926
0.9692380501656412,0.0454545454545454,0.0459255486099714,0.9867990092254412,0.0796536796536796,304,0.9878048780487804,0.9939024390243902,0.5,0.8048780487804879,0.5
0.9928572339638524,0.0088967971530249,0.1961902029433971,0.9954083090825948,0.0790543975597356,305,1.0,0.5,0.5,0.4857142857142857,0.5
0.9904308410787052,0.0111111111111111,0.160082280308137,0.9941822663987804,0.0598639455782312,306,0.5,0.5,0.5,0.8152866242038217,0.5
0.7036389097595988,0.19341840161182,0.0267857011957651,0.9613689299901356,0.0991127920540101,307,0.8333963214915596,0.8274754346182918,0.5392731166540691,0.7912887377173091,0.6218505920886873
0.9908216710497856,0.0105070808588396,0.2514307357223226,0.9969982002374717,0.0937793599213908,308,0.4972527472527472,0.5,0.5,0.9752747252747253,0.5
0.9905327565223846,0.0132508833922261,0.3748449709036102,0.997949747932809,0.0926895126341756,309,0.6226359338061466,0.4994089834515366,0.5,0.5865839243498818,0.5
0.9954325102621424,0.0071204784961549,0.6924317055804153,0.9988843901236568,0.0932943901377342,310,0.4988584474885845,0.4988584474885845,0.5,0.5599315068493151,0.5
0.9803143406682848,0.0222504767959313,0.3882496652496149,0.998059298798945,0.0928142754900902,311,0.536101598173516,0.5,0.5,0.7410102739726028,0.4987157534246575
0.9814679310275928,0.0186335403726708,0.3056847342715408,0.9975214149773144,0.0942224305636938,312,0.6083848297588755,0.5,0.5,0.7265236883557494,0.5
0.9981033682300688,0.0023685457129322,1.0,0.9992280793678172,0.0916969810724894,313,0.5,0.5,0.5,0.6523388116308471,0.4993678887484197
0.9880779199434988,0.0192592592592592,0.1816037560551531,0.993811437860168,0.0429629629629629,314,0.4955357142857143,0.5,0.5,0.46875,0.4985119047619047
0.9888667417727932,0.0135883241066935,0.1612462334917457,0.9930586284169172,0.0441440793730677,315,0.4969635627530364,0.5,0.5,0.478744939271255,0.4979757085020243
0.9949698507325976,0.0065228299046663,0.3637710243620474,0.9967420500964604,0.0410006451150455,316,0.4969879518072289,0.5,0.5,0.4889558232931726,0.5
0.9799711924167332,0.0263157894736842,0.1780119305871476,0.9934136419595746,0.0432603247248556,317,0.658974358974359,0.5825641025641026,0.5,0.5641025641025641,0.4846153846153846
0.9748953136069348,0.0352885073915116,0.209670161855726,0.9943037479759572,0.0474827985557599,318,0.4922928709055876,0.4990366088631984,0.5,0.7278420038535646,0.5
0.9970614227411512,0.0035211267605633,0.5964797298929235,0.9978498113009376,0.0482059020791415,319,0.999413145539906,1.0,0.5,0.4841549295774648,0.5
0.9316389891696752,0.0441176470588235,0.0481588577656421,0.9850468115462262,0.0804834905660377,320,0.5923664122137404,0.5,0.5,0.5244274809160305,0.6923664122137405
0.9086658506030176,0.06645056726094,0.0462071324921293,0.9846254283957362,0.0825662823766857,321,0.6293436293436294,0.6428571428571428,0.5,0.8209459459459459,0.6158301158301158
0.8374517691486741,0.1176470588235294,0.0412431884212333,0.983201241689542,0.0816817292954917,322,0.6125541125541125,0.604112554112554,0.5,0.5837662337662337,0.7082251082251082
0.584089845577913,0.256910569105691,0.0238929209750092,0.9749130740640892,0.088403129314312,323,0.7136191309419655,0.7474482356372121,0.5145815106445027,0.7022455526392535,0.8802857976086322
0.4323529080612049,0.2647702407002188,0.0137030067960914,0.9596551853685162,0.0871557739151975,324,0.7028042328042328,0.7684126984126984,0.517037037037037,0.5995767195767195,0.7277248677248678
0.7339164554892503,0.1676136363636363,0.02636304702569,0.9753790824191716,0.0917131217838765,325,0.7133620689655172,0.6120689655172413,0.5,0.7855603448275862,0.724676724137931
0.8068049681213609,0.1466890192791282,0.0322063719788855,0.9787773261895965,0.0921333565294406,326,0.5725081699346406,0.6259531590413944,0.5,0.7524509803921569,0.6000816993464052
0.8556671564582033,0.1346153846153846,0.0384323952659761,0.9816738983563784,0.0875394124418197,327,0.6530113636363637,0.58,0.4985795454545454,0.7232954545454545,0.6773863636363636
0.9247189356374884,0.0769230769230769,0.0500668215706311,0.9890494200253592,0.0436507936507936,328,0.4824561403508772,0.5,0.5,0.3070175438596491,0.5
0.8978091795836143,0.1267056530214425,0.0459727068173528,0.9871487229239898,0.0662768031189083,329,0.717479674796748,0.6666666666666666,0.5,0.573170731707317,0.5
0.7816425259470866,0.2111650485436893,0.008581675919035,0.9630477429426204,0.0423023578363384,330,0.8074468085106383,0.6574468085106383,0.5,0.5287234042553192,0.5
0.5638090057120249,0.3381742738589212,0.0106200840233256,0.9472112778264526,0.0583876704208654,331,0.6818181818181819,0.6565656565656566,0.5,0.6540404040404041,0.5631313131313131
0.3599645464281757,0.3931506849315068,0.0129370985665662,0.948254576432516,0.0675146771037182,332,0.594121230581785,0.6575540664026804,0.5,0.6538227231190984,0.7661437709412123
0.6126349829647169,0.3509677419354838,0.019682851827141,0.958923958974088,0.056589861751152,333,0.6165123456790124,0.6003086419753086,0.5,0.5628858024691358,0.5376157407407407
0.7679180887372014,0.2356979405034324,0.026339419337829,0.967419219161354,0.0594965675057208,334,0.6906610470275066,0.6611579414374446,0.5,0.6701419698314108,0.6253327417923691
0.8221737074559594,0.1802218114602587,0.042747144775363,0.977587376032886,0.0551888038024821,335,0.5921869295363271,0.5868930266520628,0.5,0.591548010222709,0.5
0.0894550317314341,0.5861669242658424,0.1928556782042805,0.9916879053192184,0.087988518436741,336,0.5324030416725186,0.6130194016973978,0.4987309644670051,0.5154390963263177,0.4867629060412111
0.6535309239376985,0.2159783344617467,0.0217236055737072,0.9559627998821872,0.1063902921722827,337,0.694267515923567,0.7031392174704276,0.5,0.5444153776160146,0.5293448589626933
0.5819294657123901,0.2495840266222961,0.0173725552721199,0.9420264663039272,0.0597441763727121,338,0.6687284450442346,0.7410406357774779,0.537037037037037,0.6455615534562903,0.5888439046333783
0.9474048442906574,0.053050397877984,0.067798727252884,0.9883341813822084,0.0976511018801194,339,0.6319875776397516,0.6428571428571428,0.5,0.46972049689441,0.7142857142857143
0.8783413138725736,0.1057542768273717,0.0309520464566671,0.9762595786098004,0.0920068077114938,340,0.6495570609692548,0.5443807538648602,0.4966996699669967,0.7629841931561577,0.5920618377627236
0.6535309239376985,0.2220717670954637,0.023529235022193,0.9694811584917142,0.0914142639976495,341,0.7117834394904459,0.6958030027297544,0.5162647861692448,0.5864990900818926,0.6253412192902639
0.7518751812149913,0.1798165137614679,0.0157493709165108,0.957707161414496,0.0906583578558652,342,0.6175889328063241,0.6478919631093545,0.5502155946819979,0.6936758893280632,0.5515930051503174
0.8703995661411191,0.0823991031390134,0.0209717467171259,0.9654968478597346,0.0887395295710297,343,0.7180677097144877,0.6630867143993635,0.5,0.736011667992575,0.5543622381331211
0.9422941091760252,0.081081081081081,0.037841810987603,0.9824847933326706,0.0795960795960796,344,0.4700854700854701,0.5,0.5,0.5500610500610501,0.5
0.8623188124122972,0.1377079482439926,0.0181316818558792,0.9563786348225382,0.087140216530235,345,0.5606762389995368,0.5294117647058824,0.5,0.572487262621584,0.5
0.5819294657123901,0.3144758735440932,0.0140521851233252,0.9427515016970768,0.0584739719515093,346,0.7028789923526766,0.6878092667566351,0.5,0.6909956515219673,0.5176563202878992
0.70848697118459,0.2349351639969489,0.0122995342810299,0.932602252072458,0.0536122915985616,347,0.6005661005661005,0.6544289044289044,0.5357142857142857,0.688061938061938,0.5644355644355644
0.8271956493181737,0.1622962437987243,0.0223623230612289,0.9554875543097232,0.065100739090817,348,0.6360989010989011,0.5714285714285714,0.5,0.6524175824175824,0.7543406593406593
0.6865745096620106,0.1807511737089202,0.0170622125574762,0.9702323056785896,0.0696252989635928,349,0.8619565217391305,0.8170289855072463,0.5333333333333333,0.6126811594202899,0.7673913043478261
0.8711856051269411,0.1308411214953271,0.0427875992914353,0.9859376781885956,0.0720331511197319,350,0.4950980392156863,0.5,0.5,0.4901960784313725,0.5
0.971968125750464,0.0368663594470046,0.1039003032646597,0.9938530825440666,0.0699069646117728,351,0.4953703703703703,0.5,0.5,0.3564814814814814,0.4953703703703703
0.6419098143236075,0.2946428571428571,0.0105350558898069,0.9752965708708936,0.0153061224489795,352,0.5130023640661938,0.491725768321513,0.5,0.5130023640661938,0.5
0.8313327906460446,0.199288256227758,0.0144843965289823,0.961707527464514,0.067107269954245,353,0.5621212121212121,0.5,0.5,0.7696969696969698,0.6772727272727272
0.9584953983508264,0.0542372881355932,0.057490730966433,0.9878719994470588,0.0324455205811138,354,0.9726027397260274,0.4931506849315068,0.5,0.726027397260274,0.5
0.6865745096620106,0.1690140845070422,0.0160240283985153,0.9560154083603556,0.0862405200433369,355,0.8503623188405797,0.7278985507246376,0.5,0.7898550724637681,0.8891304347826088
0.6419098143236075,0.2544642857142857,0.0098648301759559,0.9460303872301428,0.0290178571428571,356,0.7458628841607565,0.7222222222222222,0.5,0.5449172576832151,0.4810874704491725
0.6840342802875488,0.2715121136173767,0.0354851668052368,0.9695073924019904,0.0685485643934397,357,0.6996124031007752,0.6688815060908084,0.5099667774086378,0.7383720930232558,0.7217607973421927
0.3960371898282124,0.489880214787278,0.1845115309443986,0.9912836425073004,0.0855166106095474,358,0.5910487815435225,0.548759901311518,0.5,0.5045015798814008,0.5204086049430809
0.8603053902217577,0.1064735945485519,0.0474605838286492,0.9812858425304172,0.1028829773293146,359,0.5933971291866028,0.575311004784689,0.5,0.5679425837320574,0.6623923444976076
0.8462238674636647,0.132051282051282,0.0420559636139313,0.9748447158938874,0.0503205128205128,360,0.7196132596685083,0.75,0.5,0.5493291239147593,0.4861878453038674
0.9559038097811402,0.0287769784172661,0.0383418850966853,0.9846114982342484,0.0797814578525858,361,0.5,0.5,0.5,0.6176470588235294,0.5
0.9373656257056184,0.0638297872340425,0.081475825974058,0.9922990155467288,0.0799736193152491,362,0.5,0.5,0.5,0.5462962962962963,0.5
0.9472066482625152,0.0606617647058823,0.0616036332837158,0.9891477251935756,0.0843507214206437,363,0.6212406015037594,0.5,0.5,0.5911654135338346,0.5
0.9695361571139516,0.0313778990450204,0.0425714754776702,0.984866702349783,0.0789466910345182,364,0.6666666666666666,0.5,0.5,0.6335174953959484,0.4972375690607735
0.8603053902217577,0.1175468483816013,0.0420947095731672,0.984372127509582,0.0847047668027385,365,0.7150239234449761,0.6560765550239234,0.5,0.6015311004784689,0.6941626794258373
0.9701559020044545,0.0367647058823529,0.0412640231620406,0.984841720974017,0.0887605042016806,366,0.4850746268656716,0.5,0.5,0.917910447761194,0.5
0.9426310131070292,0.0697674418604651,0.0292613734211768,0.9850017930758432,0.0863787375415282,367,0.5,0.5,0.5,0.7307692307692308,0.5
0.9440641780423108,0.0643564356435643,0.0342307427700991,0.9793517154156336,0.0601131541725601,368,0.4846938775510204,0.5,0.5,0.4693877551020408,0.5901360544217688
0.9557560797960588,0.0413385826771653,0.0347132620061657,0.9784403884553284,0.0551181102362204,369,0.646505376344086,0.4959677419354839,0.5,0.6384408602150538,0.4959677419354839
0.8462238674636647,0.1653846153846153,0.0493532412092657,0.9826833437483744,0.0468864468864468,370,0.67008681925809,0.7059984214680347,0.5,0.5327545382794001,0.5357142857142857
0.8417386562513837,0.1319148936170212,0.0175917471783533,0.9495471183118084,0.0869315811430955,371,1.0,1.0,0.4969418960244648,0.9517172430016468,0.7408256880733946
0.8715533202827856,0.0905011219147344,0.0193505959783851,0.953523713369567,0.0918100224382946,372,1.0,1.0,0.5,0.6900793650793651,0.7234126984126984
0.9152186225934676,0.0780795344325897,0.0379873613929283,0.973828009234248,0.0862241113710275,373,1.0,0.9285714285714286,0.5,0.6571428571428571,0.8333333333333333
